Id,class_0,class_1
00eed32682bb,0.9954157,0.0045843422
010ebe33f668,0.9954157,0.0045843422
02fa521e1838,0.9954157,0.0045843422
040e15f562a2,0.9954157,0.0045843422
046e85c7cc7f,0.9954157,0.0045843422
